-- Inserción de las 50 primeras obras reales del IES Bernaldo de Quirós
-- Generado desde 'Listado de Obras.xlsx'.
SET NAMES utf8mb4;

-- (Opcional) Vaciar catálogo de prueba antes de insertar. Descomenta si lo necesitas:
-- SET FOREIGN_KEY_CHECKS = 0;
-- TRUNCATE TABLE obra_material; TRUNCATE TABLE imagen; TRUNCATE TABLE obra;
-- TRUNCATE TABLE autor; TRUNCATE TABLE tecnica; TRUNCATE TABLE material;
-- SET FOREIGN_KEY_CHECKS = 1;

-- ===== AUTORES =====
INSERT INTO autor (id, nombre, apellidos, fecha_nacimiento, fecha_muerte, corriente_artistica, lugar_nacimiento, estado_borrado) VALUES
  (1, 'Luis', 'Acosta', 1952, NULL, NULL, 'Mijares, Ávila', 0),
  (2, 'Félix', 'Adelantado Enfedaque', 1911, 2001, NULL, 'Zaragoza', 0),
  (3, 'Chechu', 'Álava', 1973, NULL, NULL, 'Piedras Blancas', 0),
  (4, 'Fernando', 'Alba', 1944, NULL, NULL, 'Salas', 0),
  (5, 'Angelina', 'Alòs i Tormo', 1917, 1997, NULL, 'Valencia', 0),
  (6, 'Ruperto', 'Álvarez Caravia', 1919, 1993, NULL, 'Oviedo', 0),
  (7, 'Pedro', 'Álvarez Miranda', 1903, 1990, NULL, 'Oviedo', 0),
  (8, 'José', 'Arias', 1953, NULL, NULL, 'Gijón', 0),
  (9, 'Francisco', 'Arjona', 1944, NULL, NULL, 'Torredonjimeno, Jaén', 0),
  (10, 'Eduardo', 'Arranz Bravo', 1941, 2009, NULL, 'Barcelona', 0),
  (11, 'María Teresa', 'Arroyo', 1916, NULL, NULL, 'Oviedo', 0),
  (12, 'Ruma', 'Barbero', 1971, NULL, NULL, 'Gijón', 0),
  (13, 'Juan', 'Barjola', 1919, 2004, NULL, 'Torre de Miguel Sesmero, Badajoz', 0),
  (14, 'Francisco', 'Barón', 1931, 2006, NULL, 'Madrid', 0),
  (15, 'Adolfo', 'Bartolomé', 1938, NULL, NULL, 'Gijón', 0),
  (16, 'Enrique', 'Brinkmann', 1938, NULL, NULL, 'Málaga', 0),
  (17, 'José', 'Caballero', 1915, 1991, NULL, 'Huelva', 0),
  (18, 'Manuel', 'Calvo', 1934, 2018, NULL, 'Oviedo', 0),
  (19, 'Francisco', 'Casariego', 1890, 1958, NULL, 'Oviedo', 0),
  (20, 'Rafael', 'Canogar', 1935, NULL, NULL, 'Toledo', 0),
  (21, 'María', 'Castellanos', 1985, NULL, NULL, 'Gijón', 0),
  (22, 'Eduardo', 'Chillida', 1924, 2002, NULL, 'San Sebastián', 0),
  (23, 'Anónimo', '', NULL, NULL, NULL, 'Congo - Zaire', 0),
  (24, 'Xavier', 'Corberó', 1935, 2017, NULL, 'Barcelona', 0),
  (25, 'Carlos', 'Coronas', 1964, NULL, NULL, 'Avilés', 0),
  (26, 'Modest', 'Cuixart', 1925, 2007, NULL, 'Barcelona', 0),
  (27, 'Manuel', 'del Río', 1926, 2007, NULL, 'San Julián de Mos, Lugo', 0),
  (28, 'Sonia', 'Díaz Polonio', 1983, NULL, NULL, 'Muñón Fondero, Lena', 0),
  (29, 'Luis Alberto', 'Esteban', 1949, NULL, NULL, 'Turón, Mieres', 0),
  (30, 'José Luis', 'Fajardo', 1941, NULL, NULL, 'La Laguna, Tenerife', 0);

-- ===== TÉCNICAS =====
INSERT INTO tecnica (id, nombre, estado_borrado) VALUES
  (1, 'Acrílico', 0),
  (2, 'Óleo', 0),
  (3, 'Aluminio', 0),
  (4, 'Serigrafía', 0),
  (5, 'Hierro', 0),
  (6, 'Cerámica', 0),
  (7, 'Acuarela', 0),
  (8, 'Litografía', 0),
  (9, 'Dibujo a tinta', 0),
  (10, 'Serigrafía retocada al gouache', 0),
  (11, 'Ingenio articulado de bronce y latón', 0),
  (12, 'Aguafuerte', 0),
  (13, 'Plástico', 0),
  (14, 'Infografía', 0),
  (15, 'Mármol', 0),
  (16, 'Escultura de madera', 0),
  (17, 'Acrílico de poliuretano', 0),
  (18, 'Dibujo coloreado', 0),
  (19, 'Dibujo', 0),
  (20, 'Relieve en aluminio', 0);

-- ===== MATERIALES =====
INSERT INTO material (id, nombre, estado_borrado) VALUES
  (1, 'tela', 0),
  (2, 'arena', 0),
  (3, 'lienzo', 0),
  (4, 'tabla', 0),
  (5, 'madera', 0),
  (6, 'cartón entelado', 0),
  (7, 'cartulina', 0),
  (8, 'fibra de vidrio', 0);

-- ===== OBRAS =====
INSERT INTO obra (id, titulo, datacion, anio, dimensiones, tipologia, descripcion, marcas_inscripciones, referencias, fecha_ingreso, modo_ingreso, procedencia, estado_conservacion, restauraciones, ubicacion, observaciones, estado_borrado, tecnica_id, autor_id) VALUES
  (1, 'Portón', 'c. 1983', 1983, '180 x 120 cm', NULL, NULL, NULL, NULL, NULL, NULL, NULL, NULL, NULL, 'Palacio planta 0', NULL, 0, 1, 1),
  (2, 'Paisaje mudo', '1977', 1977, '64 x 54 cm', NULL, NULL, NULL, NULL, NULL, NULL, NULL, NULL, NULL, 'Secretaria', NULL, 0, 2, 2),
  (3, 'Paisaje', '1978', 1978, '64 x 54 cm', NULL, NULL, NULL, NULL, NULL, NULL, NULL, NULL, NULL, 'Secretaria', NULL, 0, 2, 2),
  (4, 'Paisaje castellano', '1977', 1977, '64 x 54 cm', NULL, NULL, NULL, NULL, NULL, NULL, NULL, NULL, NULL, 'Secretaria', NULL, 0, 2, 2),
  (5, 'Sin título', '1978', 1978, '64 x 54 cm', NULL, NULL, NULL, NULL, NULL, NULL, NULL, NULL, NULL, 'Secretaria', NULL, 0, 2, 2),
  (6, 'Beatriz', '2002', 2002, '24 x 19 cm', NULL, NULL, NULL, NULL, NULL, NULL, NULL, NULL, NULL, 'Palacio 1ª Planta', NULL, 0, 2, 3),
  (7, 'Aluminio 3', '1981', 1981, '86,5 x 45 x 3 cm', NULL, NULL, NULL, NULL, NULL, NULL, NULL, NULL, NULL, 'Museo 1 P', NULL, 0, 3, 4),
  (8, 'Homenaje a la Dama de Elche', '1970 / 71', 1970, '33 x 18,5 x 16,5 cm', NULL, NULL, 'numerada 2/6 y firmada', NULL, NULL, NULL, NULL, NULL, NULL, 'Museo 1 P', NULL, 0, 3, 4),
  (9, 'Sin título', '1981', 1981, '70 x 100 cm', NULL, NULL, 'numerada 42/150 y firmada', NULL, NULL, NULL, NULL, NULL, NULL, 'Palacio planta 0', NULL, 0, 4, 4),
  (10, 'Un lugar en el espacio', '2006', 2006, '7,2 x 76,3 x 72,5 cm', NULL, NULL, NULL, NULL, NULL, NULL, NULL, NULL, NULL, 'Palacio planta 0', 'Cesión temporal', 0, 5, 4),
  (11, 'Quelonio', 'c. 1975', 1975, '33 x 24 x 11 cm', NULL, NULL, NULL, NULL, NULL, NULL, NULL, NULL, NULL, 'Museo 1 P', NULL, 0, 6, 5),
  (12, 'Coaña', '1975', 1975, '39 x 29 cm', NULL, NULL, NULL, NULL, NULL, NULL, NULL, NULL, NULL, 'Dirección', NULL, 0, 2, 6),
  (13, 'Casielles', '1981', 1981, '45 x 37 cm', NULL, NULL, NULL, NULL, NULL, NULL, NULL, NULL, NULL, 'Dirección', NULL, 0, 2, 6),
  (14, 'Varadero', '1979', 1979, '50 x 36 cm', NULL, NULL, NULL, NULL, NULL, NULL, NULL, NULL, NULL, 'Sala de Juntas', NULL, 0, 7, 7),
  (15, 'En el camino a la montaña', '1980', 1980, '50 x 36 cm', NULL, NULL, NULL, NULL, NULL, NULL, NULL, NULL, NULL, 'Sala de Juntas', NULL, 0, 7, 7),
  (16, 'Sin título', '1992', 1992, '99,5 x 99 cm', NULL, NULL, NULL, NULL, NULL, NULL, NULL, NULL, NULL, 'Palacio planta 0', NULL, 0, 2, 8),
  (17, 'Gitanos', '1975', 1975, '21 x 16 cm', NULL, NULL, NULL, NULL, NULL, NULL, NULL, NULL, NULL, 'Sala de Juntas', NULL, 0, 2, 9),
  (18, 'Sin título', '1980', 1980, '70 x 56 cm', NULL, NULL, 'numerada 15/100 y firmada', NULL, NULL, NULL, NULL, NULL, NULL, 'Escalera Palacio', NULL, 0, 8, 10),
  (19, 'El Aramo', '1979', 1979, '53 x 43 cm', NULL, NULL, NULL, NULL, NULL, NULL, NULL, NULL, NULL, 'Sala de Juntas', NULL, 0, 2, 11),
  (20, 'Sin título', '2019', 2019, '21 x 29,7 cm', NULL, NULL, NULL, NULL, NULL, NULL, NULL, NULL, NULL, NULL, NULL, 0, 9, 12),
  (21, 'Homenaje a Velázquez', '1980', 1980, '90 x 63 cm', NULL, NULL, 'numerada 40/75 y firmada', NULL, NULL, NULL, NULL, NULL, NULL, 'Sala de Profesores Palacio', NULL, 0, 4, 13),
  (22, 'Tauromaquia', '1973', 1973, '83 x 72 cm', NULL, NULL, 'numerada 40/75 y firmada', NULL, NULL, NULL, NULL, NULL, NULL, 'Sala de Profesores Palacio', NULL, 0, 10, 13),
  (23, 'El perro de Goya', '1976', 1976, '65 x 50 cm', NULL, NULL, 'numerada 105/200 y firmada', NULL, NULL, NULL, NULL, NULL, NULL, 'Sala de Profesores Palacio', NULL, 0, 4, 13),
  (24, 'Origen', 'c. 1977', 1977, '20,5 x 24,5 x 26 cm', NULL, NULL, 'numerada 84/92 y firmada', NULL, NULL, NULL, NULL, NULL, NULL, 'Museo 2ª Planta', '(cerrado)', 0, 11, 14),
  (25, 'Figuras', 'c. 1973', 1973, '68,5 x 49 cm', NULL, NULL, NULL, NULL, NULL, NULL, NULL, NULL, NULL, 'Sala de Profesores Palacio', NULL, 0, 8, 15),
  (26, 'Sin título', '1976', 1976, '65 x 50 cm', NULL, NULL, 'numerado 105/200 y firmado', NULL, NULL, NULL, NULL, NULL, NULL, 'Escalera Subida 2ª Planta', NULL, 0, 12, 16),
  (27, 'Sin título', '1977', 1977, '65 x 50 cm', NULL, NULL, 'numerada 105/200 y firmada', NULL, NULL, NULL, NULL, NULL, NULL, 'Escalera Palacio', NULL, 0, 8, 17),
  (28, 'Bañistas', '1973', 1973, '100 x 70 cm', NULL, NULL, 'numerada 83/150 y firmada', NULL, NULL, NULL, NULL, NULL, NULL, 'Escalera Palacio', NULL, 0, 4, 18),
  (29, 'Mineros', '1957', 1957, '71 x 101 cm', NULL, NULL, NULL, NULL, NULL, NULL, NULL, NULL, NULL, 'Sala de Profesores Palacio', 'Cesión temporal', 0, 2, 18),
  (30, 'Sin título -', NULL, NULL, '18 x 21 x 9,5 cm', NULL, NULL, NULL, NULL, NULL, NULL, NULL, NULL, NULL, NULL, 'Cesión Temporal', 0, 13, 18),
  (31, 'Día gris', 'c. 1940', 1940, '42 x 34 cm', NULL, NULL, NULL, NULL, NULL, NULL, NULL, NULL, NULL, 'Despacho Directoria', NULL, 0, 2, 19),
  (32, 'Sin título', '1976', 1976, '65 x 50 cm', NULL, NULL, 'numerada 105/200 y firmada', NULL, NULL, NULL, NULL, NULL, NULL, 'Museo 2ª Planta', NULL, 0, 4, 20),
  (33, 'Serie Ensayo y error del posthumano', '2017', 2017, '100 x 70 cm', NULL, NULL, 'edición 3/5', NULL, NULL, NULL, NULL, NULL, NULL, 'Palacio 1ª Planta', NULL, 0, 14, 21),
  (34, 'Sin título', '1978', 1978, '65 x 50 cm', NULL, NULL, 'numerada 105/200 y firmada', NULL, NULL, NULL, NULL, NULL, NULL, 'Museo 1 P', NULL, 0, 4, 22),
  (35, 'Sin título', 'c. 1962', 1962, '71 x 58 cm', NULL, NULL, NULL, NULL, NULL, NULL, NULL, NULL, NULL, 'Extraescolares', NULL, 0, 7, 23),
  (36, 'Barçaluna', 'c. 1977', 1977, '31 x 50 x 20 cm', NULL, NULL, 'numerada 44/92 y firmada', NULL, NULL, NULL, NULL, NULL, NULL, 'Museo 2ª Planta', NULL, 0, 15, 24),
  (37, 'Serie Micromundos', '2016', 2016, '70 x 50 x 40 cm', NULL, NULL, NULL, NULL, NULL, NULL, NULL, NULL, NULL, 'palacio planta 0', NULL, 0, 16, 25),
  (38, 'Metamorfosis de Imperia', '1975', 1975, '65 x 50 cm', NULL, NULL, 'numerada 105/200 y firmada', NULL, NULL, NULL, NULL, NULL, NULL, 'Museo 2ª Planta', NULL, 0, 8, 26),
  (39, 'Paisaje', '1975', 1975, '40 x 31 cm', NULL, NULL, NULL, NULL, NULL, NULL, NULL, NULL, NULL, 'Sala de Profesores Palacio', NULL, 0, 2, 27),
  (40, 'Stereotipo land 2', '2012', 2012, '95 x 150 cm', NULL, NULL, NULL, NULL, NULL, NULL, NULL, NULL, NULL, 'Aula Bachillerato Artes/ E.H.2.6)', NULL, 0, 17, 28),
  (41, 'Sin título', '2012', 2012, '50 x 50 cm', NULL, NULL, NULL, NULL, NULL, NULL, NULL, NULL, NULL, NULL, NULL, 0, 17, 28),
  (42, 'Los días', '2015', 2015, '50 x 50 cm', NULL, NULL, NULL, NULL, NULL, NULL, NULL, NULL, NULL, 'Aula Bachillerato Artes/ E.H.2.6)', NULL, 0, 1, 28),
  (43, 'Los días', '2015', 2015, '38 x 28 cm', NULL, NULL, NULL, NULL, NULL, NULL, NULL, NULL, NULL, 'Aula Bachillerato Artes/ E.H.2.6)', NULL, 0, 1, 28),
  (44, 'Parque de Jovellanos (Mieres)', '1970', 1970, '23 x 18 cm', NULL, NULL, NULL, NULL, NULL, NULL, NULL, NULL, NULL, 'Sala de Juntas', NULL, 0, 2, 29),
  (45, 'Lavadero del Batán', '1995', 1995, '19 x 10 cm', NULL, NULL, NULL, NULL, NULL, NULL, NULL, NULL, NULL, NULL, NULL, 0, 18, 29),
  (46, 'Estudio para el Pozo Barredo', '1994', 1994, '19 x 10 cm', NULL, NULL, NULL, NULL, NULL, NULL, NULL, NULL, NULL, NULL, NULL, 0, 18, 29),
  (47, 'Paisaje', '1994', 1994, '20,5 x 14,5 cm', NULL, NULL, NULL, NULL, NULL, NULL, NULL, NULL, NULL, NULL, NULL, 0, 2, 29),
  (48, 'Paisaje', '1994', 1994, '15 x 9 cm', NULL, NULL, NULL, NULL, NULL, NULL, NULL, NULL, NULL, NULL, NULL, 0, 2, 29),
  (49, 'Paisaje de Mieres', '1982', 1982, '23 x 17 cm', NULL, NULL, NULL, NULL, NULL, NULL, NULL, NULL, NULL, 'Dirección', NULL, 0, 19, 29),
  (50, 'Máquina I', '1968', 1968, '51 x 45 x 25 cm', NULL, NULL, NULL, NULL, NULL, NULL, NULL, NULL, NULL, 'Museo 1 P', NULL, 0, 20, 30);

-- ===== OBRA_MATERIAL =====
INSERT INTO obra_material (id_obra, id_material) VALUES
  (1,1),
  (2,1),
  (2,2),
  (3,1),
  (3,2),
  (4,1),
  (4,2),
  (5,1),
  (5,2),
  (6,3),
  (12,4),
  (13,3),
  (16,5),
  (17,4),
  (19,6),
  (29,4),
  (31,1),
  (35,7),
  (39,4),
  (40,8),
  (41,8),
  (44,1),
  (47,1),
  (48,1);
